family,taxon,author,native to
Anacardiaceae,Dracontomelon vitiense,Engl.,Tonga
Anacardiaceae,Pleiogynium timoriense,(DC.) Leenh.,Tonga
Anacardiaceae,Rhus taitensis,Guill.,Tonga
Anacardiaceae,Semecarpus vitiensis,(A.Gray) Engl.,Tonga
Annonaceae,Meiogyne amicorum,(A.C.Sm.) B.Xue & R.M.K.Saunders,Tonga
Apocynaceae,Alstonia costata,(G.Forst.) R.Br.,Tonga
Apocynaceae,Cerbera manghas,L.,Tonga
Apocynaceae,Cerbera odollam,Gaertn.,Tonga
Apocynaceae,Ochrosia oppositifolia,(Lam.) K.Schum.,Tonga
Apocynaceae,Ochrosia vitiensis,(Markgr.) Pichon,Tonga
Apocynaceae,Tabernaemontana pandacaqui,Poir.,Tonga
Araliaceae,Polyscias multijuga,(A.Gray) Harms,Tonga
Araliaceae,Polyscias samoensis,(A.Gray) Harms,Tonga
Arecaceae,Pritchardia thurstonii,F.Muell. & Drude,Tonga
Boraginaceae,Cordia aspera,G.Forst.,Tonga
Boraginaceae,Cordia subcordata,Lam.,Tonga
Boraginaceae,Heliotropium arboreum,(Blanco) Mabb.,Tonga
Burseraceae,Canarium harveyi,Seem.,Tonga
Burseraceae,Canarium vitiense,A.Gray,Tonga
Burseraceae,Garuga floribunda,Decne.,Tonga
Calophyllaceae,Calophyllum inophyllum,L.,Tonga
Calophyllaceae,Calophyllum neoebudicum,Guillaumin,Tonga
Cannabaceae,Celtis harperi,Horne ex Baker,Tonga
Cannabaceae,Trema orientale,(L.) Blume,Tonga
Cannabaceae,Trema tomentosum,(Roxb.) H.Hara,Tonga
Capparaceae,Crateva religiosa,G.Forst.,Tonga
Cardiopteridaceae,Citronella samoensis,(A.Gray) R.A.Howard,Tonga
Casuarinaceae,Casuarina equisetifolia,L.,Tonga
Celastraceae,Gymnosporia crenata,(G.Forst.) Seem.,Tonga
Chrysobalanaceae,Atuna excelsa,(Jack) Kosterm.,Tonga
Clusiaceae,Garcinia myrtifolia,A.C.Sm.,Tonga
Clusiaceae,Garcinia pseudoguttifera,Seem.,Tonga
Combretaceae,Lumnitzera littorea,(Jack) Voigt,Tonga
Combretaceae,Terminalia catappa,L.,Tonga
Combretaceae,Terminalia litoralis,Seem.,Tonga
Cycadaceae,Cycas seemannii,A.Braun,Tonga
Ebenaceae,Diospyros foliosa,(Rich. ex A.Gray) Bakh.,Tonga
Ebenaceae,Diospyros major,(G.Forst.) Bakh.,Tonga
Ebenaceae,Diospyros samoensis,A.Gray,Tonga
Elaeocarpaceae,Elaeocarpus graeffei,Seem.,Tonga
Elaeocarpaceae,Elaeocarpus tonganus,Burkill,Tonga
Euphorbiaceae,Acalypha grandis,Benth.,Tonga
Euphorbiaceae,Claoxylon fallax,Müll.Arg.,Tonga
Euphorbiaceae,Croton microtiglium,Burkill,Tonga
Euphorbiaceae,Excoecaria agallocha,L.,Tonga
Euphorbiaceae,Homalanthus nutans,(G.Forst.) Guill.,Tonga
Euphorbiaceae,Macaranga harveyana,(Müll.Arg.) Müll.Arg.,Tonga
Euphorbiaceae,Macaranga seemannii,(Müll.Arg.) Müll.Arg.,Tonga
Euphorbiaceae,Mallotus tiliifolius,(Blume) Müll.Arg.,Tonga
Fabaceae,Acacia simplex,(Sparrm.) Pedley,Tonga
Fabaceae,Cynometra grandiflora,A.Gray,Tonga
Fabaceae,Dendrolobium umbellatum,(L.) Benth.,Tonga
Fabaceae,Erythrina fusca,Lour.,Tonga
Fabaceae,Erythrina variegata,L.,Tonga
Fabaceae,Inocarpus fagifer,(Parkinson ex F.A.Zorn) Fosberg,Tonga
Fabaceae,Intsia bijuga,(Colebr.) Kuntze,Tonga
Fabaceae,Schleinitzia insularum,(Guill.) Burkart,Tonga
Fabaceae,Serianthes melanesica,Fosberg,Tonga
Fabaceae,Sesbania coccinea,(L.f.) Poir.,Tonga
Fabaceae,Sophora tomentosa,L.,Tonga
Gentianaceae,Fagraea berteroana,A.Gray ex Benth.,Tonga
Hernandiaceae,Hernandia moerenhoutiana,Guill.,Tonga
Hernandiaceae,Hernandia nymphaeifolia,(C.Presl) Kubitzki,Tonga
Hernandiaceae,Hernandia ovigera,L.,Tonga
Lamiaceae,Premna serratifolia,L.,Tonga
Lamiaceae,Premna tahitensis,Schauer,Tonga
Lamiaceae,Vitex trifolia,L.,Tonga
Lauraceae,Cryptocarya hornei,Gillespie,Tonga
Lauraceae,Cryptocarya turbinata,Gillespie,Tonga
Lauraceae,Endiandra elaeocarpa,Gillespie,Tonga
Lauraceae,Litsea mellifera,A.C.Sm.,Tonga
Lecythidaceae,Barringtonia asiatica,(L.) Kurz,Tonga
Loganiaceae,Geniostoma rupestre,J.R.Forst. & G.Forst.,Tonga
Lythraceae,Pemphis acidula,J.R.Forst. & G.Forst.,Tonga
Malvaceae,Grewia crenata,(J.R.Forst. & G.Forst.) Schinz & Guillaumin,Tonga
Malvaceae,Heritiera littoralis,Aiton,Tonga
Malvaceae,Heritiera ornithocephala,Kosterm.,Tonga
Malvaceae,Hibiscus tiliaceus,L.,Tonga
Malvaceae,Melochia odorata,L.f.,Tonga
Malvaceae,Thespesia populnea,(L.) Sol. ex Corrêa,Tonga
Meliaceae,Aglaia heterotricha,A.C.Sm.,Tonga
Meliaceae,Didymocheton alliaceus,(G.Forst.) Mabb.,Tonga
Meliaceae,Didymocheton tongensis,(A.C.Sm.) Holzmeyer & Hauenschild,Tonga
Meliaceae,Vavaea amicorum,Benth.,Tonga
Meliaceae,Xylocarpus granatum,J.Koenig,Tonga
Meliaceae,Xylocarpus rumphii,(Kostel.) Mabb.,Tonga
Monimiaceae,Hedycarya denticulata,G.Perkins & Gilg,Tonga
Monimiaceae,Hedycarya dorstenioides,A.Gray,Tonga
Moraceae,Antiaris toxicaria,(J.F.Gmel.) Lesch.,Tonga
Moraceae,Ficus obliqua,G.Forst.,Tonga
Moraceae,Ficus prolixa,G.Forst.,Tonga
Moraceae,Ficus scabra,G.Forst.,Tonga
Moraceae,Ficus tinctoria,G.Forst.,Tonga
Myristicaceae,Myristica hypargyraea,A.Gray,Tonga
Myrtaceae,Decaspermum fruticosum,J.R.Forst. & G.Forst.,Tonga
Myrtaceae,Eugenia reinwardtiana,(Blume) DC.,Tonga
Myrtaceae,Syzygium brackenridgei,(A.Gray) Müll.Berol.,Tonga
Myrtaceae,Syzygium clusiifolium,(A.Gray) Müll.Berol.,Tonga
Myrtaceae,Syzygium corynocarpum,(A.Gray) Müll.Berol.,Tonga
Myrtaceae,Syzygium dealbatum,(Burkill) A.C.Sm.,Tonga
Myrtaceae,Syzygium inophylloides,(A.Gray) Müll.Berol.,Tonga
Myrtaceae,Syzygium quadrangulatum,(A.Gray) Merr. & L.M.Perry,Tonga
Myrtaceae,Syzygium richii,(A.Gray) Merr. & L.M.Perry,Tonga
Nyctaginaceae,Pisonia aculeata,L.,Tonga
Nyctaginaceae,Pisonia grandis,R.Br.,Tonga
Olacaceae,Anacolosa lutea,Gillespie,Tonga
Olacaceae,Ximenia americana,L.,Tonga
Oleaceae,Chionanthus vitiensis,(Seem.) A.C.Sm.,Tonga
Pandanaceae,Pandanus dubius,Spreng.,Tonga
Pandanaceae,Pandanus tectorius,Parkinson ex Du Roi,Tonga
Pandanaceae,Pandanus whitmeeanus,Martelli,Tonga
Phyllanthaceae,Bischofia javanica,Blume,Tonga
Phyllanthaceae,Phyllanthus amicorum,G.L.Webster,Tonga
Phyllanthaceae,Phyllanthus concolor,(Müll.Arg.) Müll.Arg.,Tonga
Pittosporaceae,Pittosporum arborescens,Rich. ex A.Gray,Tonga
Pittosporaceae,Pittosporum yunckeri,A.C.Sm.,Tonga
Podocarpaceae,Podocarpus pallidus,N.E. Gray,Tonga
Primulaceae,Discocalyx listeri,(Stapf) Mez & Stapf,Tonga
Primulaceae,Maesa tabacifolia,Mez,Tonga
Putranjivaceae,Drypetes vitiensis,Croizat,Tonga
Rhamnaceae,Alphitonia zizyphoides,(Biehler) A.Gray,Tonga
Rhamnaceae,Rhamnella vitiensis,(Benth.) A.C.Sm.,Tonga
Rhizophoraceae,Bruguiera gymnorhiza,(L.) Lam.,Tonga
Rhizophoraceae,Rhizophora samoensis,(Hochr.) Salvoza,Tonga
Rhizophoraceae,Rhizophora stylosa,Griff.,Tonga
Rubiaceae,Aidia racemosa,(Cav.) Tirveng.,Tonga
Rubiaceae,Atractocarpus crosbyi,(Burkill) Puttock,Tonga
Rubiaceae,Badusa corymbifera,(G.Forst.) A.Gray,Tonga
Rubiaceae,Cyclophyllum barbatum,(G.Forst.) N.Hallé & J.Florence,Tonga
Rubiaceae,Eumachia carnea,(G.Forst.) DC.,Tonga
Rubiaceae,Eumachia forsteriana,"(A.Gray) Barrabé, C.M.Taylor & Razafim.",Tonga
Rubiaceae,Gardenia taitensis,DC.,Tonga
Rubiaceae,Guettarda speciosa,L.,Tonga
Rubiaceae,Guettardella inconspicua,(Seem.) M.E.Jansen,Tonga
Rubiaceae,Ixora calcicola,A.C.Sm.,Tonga
Rubiaceae,Ixora samoensis,A.Gray,Tonga
Rubiaceae,Mussaenda raiateensis,J.W.Moore,Tonga
Rubiaceae,Neonauclea forsteri,(Seem. ex Havil.) Merr.,Tonga
Rubiaceae,Psychotria insularum,A.Gray,Tonga
Rubiaceae,Psychotria leiophylla,Merr. & L.M.Perry,Tonga
Rubiaceae,Psydrax merrillii,(Setch.) Whistler ex Mouly,Tonga
Rubiaceae,Psydrax odorata,(G.Forst.) A.C.Sm. & S.P.Darwin,Tonga
Rubiaceae,Tarenna sambucina,(G.Forst.) T.Durand ex Drake,Tonga
Rutaceae,Melicope denhamii,(Seem.) T.G.Hartley,Tonga
Rutaceae,Micromelum minutum,(G.Forst.) Wight & Arn.,Tonga
Rutaceae,Zanthoxylum pinnatum,(J.R.Forst. & G.Forst.) W.R.B.Oliv.,Tonga
Salicaceae,Casearia buelowii,Whistler,Tonga
Salicaceae,Xylosma simulans,A.C.Sm.,Tonga
Salicaceae,Xylosma smithiana,Fosberg,Tonga
Santalaceae,Santalum yasi,Seem.,Tonga
Sapindaceae,Arytera bifoliata,Whistler,Tonga
Sapindaceae,Elattostachys apetala,(Labill.) Radlk.,Tonga
Sapindaceae,Guioa lentiscifolia,Cav.,Tonga
Sapindaceae,Harpullia arborea,(Blanco) Radlk.,Tonga
Sapindaceae,Lepidocupania brackenridgei,"(A.Gray) Buerki, Callm., Munzinger & Lowry",Tonga
Sapindaceae,Pometia pinnata,J.R.Forst. & G.Forst.,Tonga
Sapindaceae,Sapindus vitiensis,A.Gray,Tonga
Sapotaceae,Burckella richii,(A.Gray) H.J.Lam,Tonga
Sapotaceae,Planchonella chartacea,(F.Muell. ex Benth.) H.J.Lam,Tonga
Sapotaceae,Planchonella garberi,Christoph.,Tonga
Sapotaceae,Planchonella membranacea,H.J.Lam,Tonga
Sapotaceae,Planchonella tahitensis,(Nadeaud) Pierre ex Dubard,Tonga
Sapotaceae,Planchonella torricellensis,(K.Schum.) H.J.Lam,Tonga
Solanaceae,Lycianthes vitiensis,(Seem.) A.R.Bean,Tonga
Thymelaeaceae,Phaleria glabra,(Turrill) Domke,Tonga
Urticaceae,Boehmeria virgata,(G.Forst.) Guill.,Tonga
Urticaceae,Dendrocnide harveyi,(Seem.) Chew,Tonga
Urticaceae,Pipturus argenteus,(G.Forst.) Wedd.,Tonga
Violaceae,Melicytus samoensis,(Christoph.) A.C.Sm.,Tonga
